city,datetime,temp_min,temp_max,weather,date,hour
Sanaa,2025-07-15 18:00:00,22.24,22.24,Clouds,2025-07-15,18
Sanaa,2025-07-15 21:00:00,20.75,21.74,Clouds,2025-07-15,21
Sanaa,2025-07-16 00:00:00,19.91,20.69,Clouds,2025-07-16,0
Sanaa,2025-07-16 03:00:00,20.27,20.27,Clouds,2025-07-16,3
Sanaa,2025-07-16 06:00:00,25.55,25.55,Clouds,2025-07-16,6
Sanaa,2025-07-16 09:00:00,27.97,27.97,Clouds,2025-07-16,9
Sanaa,2025-07-16 12:00:00,28.12,28.12,Clouds,2025-07-16,12
Sanaa,2025-07-16 15:00:00,26.51,26.51,Clouds,2025-07-16,15
Sanaa,2025-07-16 18:00:00,21.59,21.59,Clouds,2025-07-16,18
Sanaa,2025-07-16 21:00:00,20.23,20.23,Clouds,2025-07-16,21
Sanaa,2025-07-17 00:00:00,19.62,19.62,Clouds,2025-07-17,0
Sanaa,2025-07-17 03:00:00,19.83,19.83,Clouds,2025-07-17,3
Sanaa,2025-07-17 06:00:00,24.74,24.74,Clouds,2025-07-17,6
Sanaa,2025-07-17 09:00:00,27.28,27.28,Clouds,2025-07-17,9
Sanaa,2025-07-17 12:00:00,29.27,29.27,Clouds,2025-07-17,12
Sanaa,2025-07-17 15:00:00,27.33,27.33,Clouds,2025-07-17,15
Sanaa,2025-07-17 18:00:00,24.12,24.12,Clouds,2025-07-17,18
Sanaa,2025-07-17 21:00:00,21.96,21.96,Clouds,2025-07-17,21
Sanaa,2025-07-18 00:00:00,20.3,20.3,Clouds,2025-07-18,0
Sanaa,2025-07-18 03:00:00,20.14,20.14,Clouds,2025-07-18,3
Sanaa,2025-07-18 06:00:00,26.2,26.2,Clouds,2025-07-18,6
Sanaa,2025-07-18 09:00:00,29.09,29.09,Clouds,2025-07-18,9
Sanaa,2025-07-18 12:00:00,30.19,30.19,Clouds,2025-07-18,12
Sanaa,2025-07-18 15:00:00,27.15,27.15,Rain,2025-07-18,15
Sanaa,2025-07-18 18:00:00,24.33,24.33,Clouds,2025-07-18,18
Sanaa,2025-07-18 21:00:00,22.08,22.08,Clouds,2025-07-18,21
Sanaa,2025-07-19 00:00:00,20.85,20.85,Clouds,2025-07-19,0
Sanaa,2025-07-19 03:00:00,19.96,19.96,Clear,2025-07-19,3
Sanaa,2025-07-19 06:00:00,26.82,26.82,Clear,2025-07-19,6
Sanaa,2025-07-19 09:00:00,29.91,29.91,Clouds,2025-07-19,9
Sanaa,2025-07-19 12:00:00,30.51,30.51,Rain,2025-07-19,12
Sanaa,2025-07-19 15:00:00,26.31,26.31,Rain,2025-07-19,15
Sanaa,2025-07-19 18:00:00,23.53,23.53,Clouds,2025-07-19,18
Sanaa,2025-07-19 21:00:00,23.29,23.29,Clouds,2025-07-19,21
Sanaa,2025-07-20 00:00:00,21.44,21.44,Clouds,2025-07-20,0
Sanaa,2025-07-20 03:00:00,20.66,20.66,Clouds,2025-07-20,3
Sanaa,2025-07-20 06:00:00,26.47,26.47,Clouds,2025-07-20,6
Sanaa,2025-07-20 09:00:00,27.1,27.1,Clouds,2025-07-20,9
Sanaa,2025-07-20 12:00:00,29.05,29.05,Clouds,2025-07-20,12
Sanaa,2025-07-20 15:00:00,26.88,26.88,Clouds,2025-07-20,15
London,2025-07-15 18:00:00,20.34,20.34,Clouds,2025-07-15,18
London,2025-07-15 21:00:00,19.2,19.96,Clouds,2025-07-15,21
London,2025-07-16 00:00:00,19.24,19.61,Rain,2025-07-16,0
London,2025-07-16 03:00:00,18.01,18.01,Clouds,2025-07-16,3
London,2025-07-16 06:00:00,17.27,17.27,Clouds,2025-07-16,6
London,2025-07-16 09:00:00,21.2,21.2,Clouds,2025-07-16,9
London,2025-07-16 12:00:00,25.65,25.65,Clouds,2025-07-16,12
London,2025-07-16 15:00:00,27.86,27.86,Clouds,2025-07-16,15
London,2025-07-16 18:00:00,27.41,27.41,Clouds,2025-07-16,18
London,2025-07-16 21:00:00,22.47,22.47,Clouds,2025-07-16,21
London,2025-07-17 00:00:00,20.67,20.67,Clouds,2025-07-17,0
London,2025-07-17 03:00:00,19.27,19.27,Clouds,2025-07-17,3
London,2025-07-17 06:00:00,19.39,19.39,Clouds,2025-07-17,6
London,2025-07-17 09:00:00,21.12,21.12,Rain,2025-07-17,9
London,2025-07-17 12:00:00,25.95,25.95,Rain,2025-07-17,12
London,2025-07-17 15:00:00,25.1,25.1,Clouds,2025-07-17,15
London,2025-07-17 18:00:00,25.31,25.31,Clouds,2025-07-17,18
London,2025-07-17 21:00:00,22.83,22.83,Clouds,2025-07-17,21
London,2025-07-18 00:00:00,20.9,20.9,Clouds,2025-07-18,0
London,2025-07-18 03:00:00,19.59,19.59,Clouds,2025-07-18,3
London,2025-07-18 06:00:00,19.73,19.73,Clouds,2025-07-18,6
London,2025-07-18 09:00:00,22.04,22.04,Clouds,2025-07-18,9
London,2025-07-18 12:00:00,27.33,27.33,Rain,2025-07-18,12
London,2025-07-18 15:00:00,27.27,27.27,Rain,2025-07-18,15
London,2025-07-18 18:00:00,27.09,27.09,Clouds,2025-07-18,18
London,2025-07-18 21:00:00,22.73,22.73,Clouds,2025-07-18,21
London,2025-07-19 00:00:00,20.49,20.49,Clouds,2025-07-19,0
London,2025-07-19 03:00:00,19.55,19.55,Clouds,2025-07-19,3
London,2025-07-19 06:00:00,19.22,19.22,Clouds,2025-07-19,6
London,2025-07-19 09:00:00,22.9,22.9,Clouds,2025-07-19,9
London,2025-07-19 12:00:00,26.2,26.2,Clouds,2025-07-19,12
London,2025-07-19 15:00:00,21.63,21.63,Clouds,2025-07-19,15
London,2025-07-19 18:00:00,22.97,22.97,Clouds,2025-07-19,18
London,2025-07-19 21:00:00,20.0,20.0,Clouds,2025-07-19,21
London,2025-07-20 00:00:00,17.43,17.43,Rain,2025-07-20,0
London,2025-07-20 03:00:00,15.36,15.36,Rain,2025-07-20,3
London,2025-07-20 06:00:00,15.73,15.73,Rain,2025-07-20,6
London,2025-07-20 09:00:00,19.61,19.61,Rain,2025-07-20,9
London,2025-07-20 12:00:00,18.76,18.76,Rain,2025-07-20,12
London,2025-07-20 15:00:00,17.91,17.91,Rain,2025-07-20,15
Tokyo,2025-07-15 18:00:00,26.35,26.35,Clouds,2025-07-15,18
Tokyo,2025-07-15 21:00:00,26.38,26.43,Clouds,2025-07-15,21
Tokyo,2025-07-16 00:00:00,27.18,27.59,Clouds,2025-07-16,0
Tokyo,2025-07-16 03:00:00,26.43,26.43,Rain,2025-07-16,3
Tokyo,2025-07-16 06:00:00,25.84,25.84,Rain,2025-07-16,6
Tokyo,2025-07-16 09:00:00,25.34,25.34,Rain,2025-07-16,9
Tokyo,2025-07-16 12:00:00,24.54,24.54,Rain,2025-07-16,12
Tokyo,2025-07-16 15:00:00,24.74,24.74,Rain,2025-07-16,15
Tokyo,2025-07-16 18:00:00,25.1,25.1,Clouds,2025-07-16,18
Tokyo,2025-07-16 21:00:00,25.52,25.52,Clouds,2025-07-16,21
Tokyo,2025-07-17 00:00:00,27.53,27.53,Clouds,2025-07-17,0
Tokyo,2025-07-17 03:00:00,30.13,30.13,Clouds,2025-07-17,3
Tokyo,2025-07-17 06:00:00,30.35,30.35,Clouds,2025-07-17,6
Tokyo,2025-07-17 09:00:00,28.63,28.63,Clouds,2025-07-17,9
Tokyo,2025-07-17 12:00:00,27.36,27.36,Clouds,2025-07-17,12
Tokyo,2025-07-17 15:00:00,26.72,26.72,Clouds,2025-07-17,15
Tokyo,2025-07-17 18:00:00,26.16,26.16,Clouds,2025-07-17,18
Tokyo,2025-07-17 21:00:00,26.21,26.21,Clouds,2025-07-17,21
Tokyo,2025-07-18 00:00:00,27.59,27.59,Clouds,2025-07-18,0
Tokyo,2025-07-18 03:00:00,29.69,29.69,Clouds,2025-07-18,3
Tokyo,2025-07-18 06:00:00,29.5,29.5,Clouds,2025-07-18,6
Tokyo,2025-07-18 09:00:00,28.32,28.32,Clouds,2025-07-18,9
Tokyo,2025-07-18 12:00:00,26.88,26.88,Clouds,2025-07-18,12
Tokyo,2025-07-18 15:00:00,26.31,26.31,Clouds,2025-07-18,15
Tokyo,2025-07-18 18:00:00,25.89,25.89,Clouds,2025-07-18,18
Tokyo,2025-07-18 21:00:00,26.07,26.07,Clouds,2025-07-18,21
Tokyo,2025-07-19 00:00:00,28.86,28.86,Clouds,2025-07-19,0
Tokyo,2025-07-19 03:00:00,31.68,31.68,Clouds,2025-07-19,3
Tokyo,2025-07-19 06:00:00,31.87,31.87,Clouds,2025-07-19,6
Tokyo,2025-07-19 09:00:00,29.57,29.57,Clouds,2025-07-19,9
Tokyo,2025-07-19 12:00:00,27.54,27.54,Clouds,2025-07-19,12
Tokyo,2025-07-19 15:00:00,27.01,27.01,Clouds,2025-07-19,15
Tokyo,2025-07-19 18:00:00,26.57,26.57,Clouds,2025-07-19,18
Tokyo,2025-07-19 21:00:00,26.64,26.64,Clouds,2025-07-19,21
Tokyo,2025-07-20 00:00:00,29.59,29.59,Clouds,2025-07-20,0
Tokyo,2025-07-20 03:00:00,31.92,31.92,Clouds,2025-07-20,3
Tokyo,2025-07-20 06:00:00,32.04,32.04,Clouds,2025-07-20,6
Tokyo,2025-07-20 09:00:00,29.85,29.85,Clouds,2025-07-20,9
Tokyo,2025-07-20 12:00:00,28.06,28.06,Clouds,2025-07-20,12
Tokyo,2025-07-20 15:00:00,27.51,27.51,Clouds,2025-07-20,15
Paris,2025-07-15 18:00:00,23.37,23.37,Clouds,2025-07-15,18
Paris,2025-07-15 21:00:00,20.15,22.3,Clouds,2025-07-15,21
Paris,2025-07-16 00:00:00,17.89,19.72,Clouds,2025-07-16,0
Paris,2025-07-16 03:00:00,18.92,18.92,Clouds,2025-07-16,3
Paris,2025-07-16 06:00:00,21.02,21.02,Clouds,2025-07-16,6
Paris,2025-07-16 09:00:00,18.56,18.56,Clouds,2025-07-16,9
Paris,2025-07-16 12:00:00,21.59,21.59,Clouds,2025-07-16,12
Paris,2025-07-16 15:00:00,22.08,22.08,Clouds,2025-07-16,15
Paris,2025-07-16 18:00:00,23.38,23.38,Clouds,2025-07-16,18
Paris,2025-07-16 21:00:00,21.23,21.23,Clouds,2025-07-16,21
Paris,2025-07-17 00:00:00,19.6,19.6,Clouds,2025-07-17,0
Paris,2025-07-17 03:00:00,18.63,18.63,Clouds,2025-07-17,3
Paris,2025-07-17 06:00:00,19.16,19.16,Rain,2025-07-17,6
Paris,2025-07-17 09:00:00,20.95,20.95,Clouds,2025-07-17,9
Paris,2025-07-17 12:00:00,26.14,26.14,Clouds,2025-07-17,12
Paris,2025-07-17 15:00:00,29.51,29.51,Clouds,2025-07-17,15
Paris,2025-07-17 18:00:00,27.94,27.94,Clouds,2025-07-17,18
Paris,2025-07-17 21:00:00,24.36,24.36,Clear,2025-07-17,21
Paris,2025-07-18 00:00:00,22.24,22.24,Clouds,2025-07-18,0
Paris,2025-07-18 03:00:00,20.74,20.74,Clouds,2025-07-18,3
Paris,2025-07-18 06:00:00,20.79,20.79,Rain,2025-07-18,6
Paris,2025-07-18 09:00:00,21.13,21.13,Rain,2025-07-18,9
Paris,2025-07-18 12:00:00,23.84,23.84,Clouds,2025-07-18,12
Paris,2025-07-18 15:00:00,29.84,29.84,Clouds,2025-07-18,15
Paris,2025-07-18 18:00:00,28.44,28.44,Clouds,2025-07-18,18
Paris,2025-07-18 21:00:00,25.02,25.02,Rain,2025-07-18,21
Paris,2025-07-19 00:00:00,22.41,22.41,Rain,2025-07-19,0
Paris,2025-07-19 03:00:00,20.08,20.08,Rain,2025-07-19,3
Paris,2025-07-19 06:00:00,19.55,19.55,Rain,2025-07-19,6
Paris,2025-07-19 09:00:00,22.51,22.51,Rain,2025-07-19,9
Paris,2025-07-19 12:00:00,22.36,22.36,Rain,2025-07-19,12
Paris,2025-07-19 15:00:00,28.19,28.19,Clouds,2025-07-19,15
Paris,2025-07-19 18:00:00,25.09,25.09,Clouds,2025-07-19,18
Paris,2025-07-19 21:00:00,22.68,22.68,Clouds,2025-07-19,21
Paris,2025-07-20 00:00:00,20.59,20.59,Rain,2025-07-20,0
Paris,2025-07-20 03:00:00,16.11,16.11,Rain,2025-07-20,3
Paris,2025-07-20 06:00:00,15.68,15.68,Clouds,2025-07-20,6
Paris,2025-07-20 09:00:00,20.38,20.38,Clouds,2025-07-20,9
Paris,2025-07-20 12:00:00,21.64,21.64,Clouds,2025-07-20,12
Paris,2025-07-20 15:00:00,25.09,25.09,Clouds,2025-07-20,15
New York,2025-07-15 18:00:00,30.35,30.35,Clear,2025-07-15,18
New York,2025-07-15 21:00:00,28.16,29.62,Clouds,2025-07-15,21
New York,2025-07-16 00:00:00,25.37,27.03,Rain,2025-07-16,0
New York,2025-07-16 03:00:00,25.02,25.02,Rain,2025-07-16,3
New York,2025-07-16 06:00:00,25.79,25.79,Clear,2025-07-16,6
New York,2025-07-16 09:00:00,25.4,25.4,Clear,2025-07-16,9
New York,2025-07-16 12:00:00,27.08,27.08,Clear,2025-07-16,12
New York,2025-07-16 15:00:00,30.56,30.56,Clouds,2025-07-16,15
New York,2025-07-16 18:00:00,31.84,31.84,Clouds,2025-07-16,18
New York,2025-07-16 21:00:00,29.74,29.74,Rain,2025-07-16,21
New York,2025-07-17 00:00:00,28.73,28.73,Rain,2025-07-17,0
New York,2025-07-17 03:00:00,26.61,26.61,Rain,2025-07-17,3
New York,2025-07-17 06:00:00,24.99,24.99,Clouds,2025-07-17,6
New York,2025-07-17 09:00:00,24.36,24.36,Clouds,2025-07-17,9
New York,2025-07-17 12:00:00,24.52,24.52,Rain,2025-07-17,12
New York,2025-07-17 15:00:00,27.99,27.99,Rain,2025-07-17,15
New York,2025-07-17 18:00:00,33.58,33.58,Clouds,2025-07-17,18
New York,2025-07-17 21:00:00,33.9,33.9,Clouds,2025-07-17,21
New York,2025-07-18 00:00:00,31.39,31.39,Clouds,2025-07-18,0
New York,2025-07-18 03:00:00,29.64,29.64,Clouds,2025-07-18,3
New York,2025-07-18 06:00:00,28.21,28.21,Clouds,2025-07-18,6
New York,2025-07-18 09:00:00,26.08,26.08,Clouds,2025-07-18,9
New York,2025-07-18 12:00:00,24.52,24.52,Clouds,2025-07-18,12
New York,2025-07-18 15:00:00,25.62,25.62,Rain,2025-07-18,15
New York,2025-07-18 18:00:00,29.85,29.85,Clouds,2025-07-18,18
New York,2025-07-18 21:00:00,30.69,30.69,Clouds,2025-07-18,21
New York,2025-07-19 00:00:00,27.75,27.75,Clouds,2025-07-19,0
New York,2025-07-19 03:00:00,26.05,26.05,Clouds,2025-07-19,3
New York,2025-07-19 06:00:00,24.32,24.32,Clouds,2025-07-19,6
New York,2025-07-19 09:00:00,21.88,21.88,Clear,2025-07-19,9
New York,2025-07-19 12:00:00,22.68,22.68,Clear,2025-07-19,12
New York,2025-07-19 15:00:00,27.19,27.19,Clear,2025-07-19,15
New York,2025-07-19 18:00:00,30.67,30.67,Clear,2025-07-19,18
New York,2025-07-19 21:00:00,30.55,30.55,Clear,2025-07-19,21
New York,2025-07-20 00:00:00,26.54,26.54,Clear,2025-07-20,0
New York,2025-07-20 03:00:00,25.73,25.73,Clouds,2025-07-20,3
New York,2025-07-20 06:00:00,24.74,24.74,Clouds,2025-07-20,6
New York,2025-07-20 09:00:00,23.94,23.94,Clouds,2025-07-20,9
New York,2025-07-20 12:00:00,25.16,25.16,Clouds,2025-07-20,12
New York,2025-07-20 15:00:00,27.81,27.81,Clouds,2025-07-20,15
Dubai,2025-07-15 18:00:00,38.84,38.84,Clear,2025-07-15,18
Dubai,2025-07-15 21:00:00,36.44,38.04,Clear,2025-07-15,21
Dubai,2025-07-16 00:00:00,35.37,36.53,Clear,2025-07-16,0
Dubai,2025-07-16 03:00:00,34.62,34.62,Clear,2025-07-16,3
Dubai,2025-07-16 06:00:00,41.36,41.36,Clouds,2025-07-16,6
Dubai,2025-07-16 09:00:00,36.03,36.03,Clear,2025-07-16,9
Dubai,2025-07-16 12:00:00,35.56,35.56,Clear,2025-07-16,12
Dubai,2025-07-16 15:00:00,34.19,34.19,Clear,2025-07-16,15
Dubai,2025-07-16 18:00:00,33.53,33.53,Clouds,2025-07-16,18
Dubai,2025-07-16 21:00:00,33.07,33.07,Clouds,2025-07-16,21
Dubai,2025-07-17 00:00:00,33.15,33.15,Clouds,2025-07-17,0
Dubai,2025-07-17 03:00:00,34.44,34.44,Clouds,2025-07-17,3
Dubai,2025-07-17 06:00:00,37.61,37.61,Clouds,2025-07-17,6
Dubai,2025-07-17 09:00:00,36.04,36.04,Clouds,2025-07-17,9
Dubai,2025-07-17 12:00:00,35.32,35.32,Clouds,2025-07-17,12
Dubai,2025-07-17 15:00:00,34.69,34.69,Clouds,2025-07-17,15
Dubai,2025-07-17 18:00:00,34.5,34.5,Clouds,2025-07-17,18
Dubai,2025-07-17 21:00:00,33.82,33.82,Clear,2025-07-17,21
Dubai,2025-07-18 00:00:00,33.83,33.83,Clear,2025-07-18,0
Dubai,2025-07-18 03:00:00,35.02,35.02,Clouds,2025-07-18,3
Dubai,2025-07-18 06:00:00,37.48,37.48,Clouds,2025-07-18,6
Dubai,2025-07-18 09:00:00,36.34,36.34,Clear,2025-07-18,9
Dubai,2025-07-18 12:00:00,36.08,36.08,Clear,2025-07-18,12
Dubai,2025-07-18 15:00:00,34.87,34.87,Clear,2025-07-18,15
Dubai,2025-07-18 18:00:00,35.92,35.92,Clear,2025-07-18,18
Dubai,2025-07-18 21:00:00,33.61,33.61,Clear,2025-07-18,21
Dubai,2025-07-19 00:00:00,32.93,32.93,Clear,2025-07-19,0
Dubai,2025-07-19 03:00:00,34.31,34.31,Clear,2025-07-19,3
Dubai,2025-07-19 06:00:00,36.68,36.68,Clear,2025-07-19,6
Dubai,2025-07-19 09:00:00,36.3,36.3,Clouds,2025-07-19,9
Dubai,2025-07-19 12:00:00,36.1,36.1,Clouds,2025-07-19,12
Dubai,2025-07-19 15:00:00,34.2,34.2,Clouds,2025-07-19,15
Dubai,2025-07-19 18:00:00,33.98,33.98,Clouds,2025-07-19,18
Dubai,2025-07-19 21:00:00,32.39,32.39,Clouds,2025-07-19,21
Dubai,2025-07-20 00:00:00,32.52,32.52,Clouds,2025-07-20,0
Dubai,2025-07-20 03:00:00,34.71,34.71,Clouds,2025-07-20,3
Dubai,2025-07-20 06:00:00,38.1,38.1,Clouds,2025-07-20,6
Dubai,2025-07-20 09:00:00,36.04,36.04,Clouds,2025-07-20,9
Dubai,2025-07-20 12:00:00,35.3,35.3,Clouds,2025-07-20,12
Dubai,2025-07-20 15:00:00,34.4,34.4,Clouds,2025-07-20,15
Berlin,2025-07-15 18:00:00,20.57,20.57,Clouds,2025-07-15,18
Berlin,2025-07-15 21:00:00,17.68,19.61,Rain,2025-07-15,21
Berlin,2025-07-16 00:00:00,16.51,17.86,Clouds,2025-07-16,0
Berlin,2025-07-16 03:00:00,14.1,14.1,Rain,2025-07-16,3
Berlin,2025-07-16 06:00:00,17.73,17.73,Clouds,2025-07-16,6
Berlin,2025-07-16 09:00:00,20.54,20.54,Rain,2025-07-16,9
Berlin,2025-07-16 12:00:00,15.16,15.16,Rain,2025-07-16,12
Berlin,2025-07-16 15:00:00,16.75,16.75,Rain,2025-07-16,15
Berlin,2025-07-16 18:00:00,15.42,15.42,Rain,2025-07-16,18
Berlin,2025-07-16 21:00:00,13.99,13.99,Clouds,2025-07-16,21
Berlin,2025-07-17 00:00:00,13.64,13.64,Clouds,2025-07-17,0
Berlin,2025-07-17 03:00:00,12.51,12.51,Clouds,2025-07-17,3
Berlin,2025-07-17 06:00:00,14.72,14.72,Clouds,2025-07-17,6
Berlin,2025-07-17 09:00:00,15.09,15.09,Clouds,2025-07-17,9
Berlin,2025-07-17 12:00:00,17.37,17.37,Rain,2025-07-17,12
Berlin,2025-07-17 15:00:00,16.88,16.88,Rain,2025-07-17,15
Berlin,2025-07-17 18:00:00,17.04,17.04,Rain,2025-07-17,18
Berlin,2025-07-17 21:00:00,16.79,16.79,Rain,2025-07-17,21
Berlin,2025-07-18 00:00:00,15.19,15.19,Clouds,2025-07-18,0
Berlin,2025-07-18 03:00:00,14.47,14.47,Clouds,2025-07-18,3
Berlin,2025-07-18 06:00:00,17.0,17.0,Clouds,2025-07-18,6
Berlin,2025-07-18 09:00:00,21.8,21.8,Clouds,2025-07-18,9
Berlin,2025-07-18 12:00:00,23.67,23.67,Rain,2025-07-18,12
Berlin,2025-07-18 15:00:00,23.16,23.16,Clouds,2025-07-18,15
Berlin,2025-07-18 18:00:00,22.48,22.48,Clouds,2025-07-18,18
Berlin,2025-07-18 21:00:00,19.52,19.52,Clear,2025-07-18,21
Berlin,2025-07-19 00:00:00,18.23,18.23,Clear,2025-07-19,0
Berlin,2025-07-19 03:00:00,17.3,17.3,Clear,2025-07-19,3
Berlin,2025-07-19 06:00:00,20.36,20.36,Clouds,2025-07-19,6
Berlin,2025-07-19 09:00:00,25.33,25.33,Clouds,2025-07-19,9
Berlin,2025-07-19 12:00:00,28.63,28.63,Clouds,2025-07-19,12
Berlin,2025-07-19 15:00:00,28.79,28.79,Clouds,2025-07-19,15
Berlin,2025-07-19 18:00:00,26.34,26.34,Clouds,2025-07-19,18
Berlin,2025-07-19 21:00:00,23.23,23.23,Clouds,2025-07-19,21
Berlin,2025-07-20 00:00:00,21.53,21.53,Clouds,2025-07-20,0
Berlin,2025-07-20 03:00:00,20.15,20.15,Clouds,2025-07-20,3
Berlin,2025-07-20 06:00:00,22.45,22.45,Clouds,2025-07-20,6
Berlin,2025-07-20 09:00:00,27.43,27.43,Clouds,2025-07-20,9
Berlin,2025-07-20 12:00:00,30.69,30.69,Clouds,2025-07-20,12
Berlin,2025-07-20 15:00:00,32.44,32.44,Clouds,2025-07-20,15
Cairo,2025-07-15 18:00:00,32.44,32.44,Clear,2025-07-15,18
Cairo,2025-07-15 21:00:00,29.03,31.3,Clear,2025-07-15,21
Cairo,2025-07-16 00:00:00,27.8,29.35,Clear,2025-07-16,0
Cairo,2025-07-16 03:00:00,28.35,28.35,Clear,2025-07-16,3
Cairo,2025-07-16 06:00:00,30.34,30.34,Clear,2025-07-16,6
Cairo,2025-07-16 09:00:00,35.58,35.58,Clear,2025-07-16,9
Cairo,2025-07-16 12:00:00,39.24,39.24,Clear,2025-07-16,12
Cairo,2025-07-16 15:00:00,39.52,39.52,Clear,2025-07-16,15
Cairo,2025-07-16 18:00:00,35.84,35.84,Clear,2025-07-16,18
Cairo,2025-07-16 21:00:00,30.95,30.95,Clear,2025-07-16,21
Cairo,2025-07-17 00:00:00,29.22,29.22,Clear,2025-07-17,0
Cairo,2025-07-17 03:00:00,28.54,28.54,Clear,2025-07-17,3
Cairo,2025-07-17 06:00:00,32.61,32.61,Clear,2025-07-17,6
Cairo,2025-07-17 09:00:00,36.43,36.43,Clear,2025-07-17,9
Cairo,2025-07-17 12:00:00,39.8,39.8,Clear,2025-07-17,12
Cairo,2025-07-17 15:00:00,40.86,40.86,Clear,2025-07-17,15
Cairo,2025-07-17 18:00:00,33.06,33.06,Clear,2025-07-17,18
Cairo,2025-07-17 21:00:00,30.44,30.44,Clear,2025-07-17,21
Cairo,2025-07-18 00:00:00,29.38,29.38,Clear,2025-07-18,0
Cairo,2025-07-18 03:00:00,28.78,28.78,Clear,2025-07-18,3
Cairo,2025-07-18 06:00:00,31.22,31.22,Clear,2025-07-18,6
Cairo,2025-07-18 09:00:00,35.89,35.89,Clear,2025-07-18,9
Cairo,2025-07-18 12:00:00,40.15,40.15,Clear,2025-07-18,12
Cairo,2025-07-18 15:00:00,40.33,40.33,Clear,2025-07-18,15
Cairo,2025-07-18 18:00:00,33.39,33.39,Clear,2025-07-18,18
Cairo,2025-07-18 21:00:00,29.39,29.39,Clear,2025-07-18,21
Cairo,2025-07-19 00:00:00,27.51,27.51,Clear,2025-07-19,0
Cairo,2025-07-19 03:00:00,26.14,26.14,Clear,2025-07-19,3
Cairo,2025-07-19 06:00:00,28.75,28.75,Clear,2025-07-19,6
Cairo,2025-07-19 09:00:00,34.19,34.19,Clear,2025-07-19,9
Cairo,2025-07-19 12:00:00,38.62,38.62,Clear,2025-07-19,12
Cairo,2025-07-19 15:00:00,40.33,40.33,Clear,2025-07-19,15
Cairo,2025-07-19 18:00:00,33.02,33.02,Clear,2025-07-19,18
Cairo,2025-07-19 21:00:00,29.08,29.08,Clear,2025-07-19,21
Cairo,2025-07-20 00:00:00,26.9,26.9,Clear,2025-07-20,0
Cairo,2025-07-20 03:00:00,25.69,25.69,Clear,2025-07-20,3
Cairo,2025-07-20 06:00:00,28.42,28.42,Clear,2025-07-20,6
Cairo,2025-07-20 09:00:00,33.89,33.89,Clear,2025-07-20,9
Cairo,2025-07-20 12:00:00,38.07,38.07,Clear,2025-07-20,12
Cairo,2025-07-20 15:00:00,40.43,40.43,Clear,2025-07-20,15
Moscow,2025-07-15 18:00:00,20.51,20.51,Rain,2025-07-15,18
Moscow,2025-07-15 21:00:00,20.37,20.46,Rain,2025-07-15,21
Moscow,2025-07-16 00:00:00,19.64,19.93,Rain,2025-07-16,0
Moscow,2025-07-16 03:00:00,25.82,25.82,Clouds,2025-07-16,3
Moscow,2025-07-16 06:00:00,29.25,29.25,Rain,2025-07-16,6
Moscow,2025-07-16 09:00:00,18.12,18.12,Rain,2025-07-16,9
Moscow,2025-07-16 12:00:00,19.92,19.92,Rain,2025-07-16,12
Moscow,2025-07-16 15:00:00,22.38,22.38,Rain,2025-07-16,15
Moscow,2025-07-16 18:00:00,20.04,20.04,Clouds,2025-07-16,18
Moscow,2025-07-16 21:00:00,18.33,18.33,Rain,2025-07-16,21
Moscow,2025-07-17 00:00:00,17.29,17.29,Clouds,2025-07-17,0
Moscow,2025-07-17 03:00:00,17.85,17.85,Clouds,2025-07-17,3
Moscow,2025-07-17 06:00:00,21.73,21.73,Clouds,2025-07-17,6
Moscow,2025-07-17 09:00:00,25.57,25.57,Rain,2025-07-17,9
Moscow,2025-07-17 12:00:00,25.61,25.61,Rain,2025-07-17,12
Moscow,2025-07-17 15:00:00,25.39,25.39,Clouds,2025-07-17,15
Moscow,2025-07-17 18:00:00,22.3,22.3,Clouds,2025-07-17,18
Moscow,2025-07-17 21:00:00,21.11,21.11,Clouds,2025-07-17,21
Moscow,2025-07-18 00:00:00,18.01,18.01,Clouds,2025-07-18,0
Moscow,2025-07-18 03:00:00,18.1,18.1,Clouds,2025-07-18,3
Moscow,2025-07-18 06:00:00,22.3,22.3,Clouds,2025-07-18,6
Moscow,2025-07-18 09:00:00,26.22,26.22,Clouds,2025-07-18,9
Moscow,2025-07-18 12:00:00,26.65,26.65,Clouds,2025-07-18,12
Moscow,2025-07-18 15:00:00,25.15,25.15,Clouds,2025-07-18,15
Moscow,2025-07-18 18:00:00,20.32,20.32,Rain,2025-07-18,18
Moscow,2025-07-18 21:00:00,18.08,18.08,Rain,2025-07-18,21
Moscow,2025-07-19 00:00:00,17.99,17.99,Rain,2025-07-19,0
Moscow,2025-07-19 03:00:00,17.72,17.72,Rain,2025-07-19,3
Moscow,2025-07-19 06:00:00,17.82,17.82,Rain,2025-07-19,6
Moscow,2025-07-19 09:00:00,18.56,18.56,Rain,2025-07-19,9
Moscow,2025-07-19 12:00:00,21.96,21.96,Rain,2025-07-19,12
Moscow,2025-07-19 15:00:00,22.53,22.53,Rain,2025-07-19,15
Moscow,2025-07-19 18:00:00,18.85,18.85,Rain,2025-07-19,18
Moscow,2025-07-19 21:00:00,17.11,17.11,Clouds,2025-07-19,21
Moscow,2025-07-20 00:00:00,16.02,16.02,Clouds,2025-07-20,0
Moscow,2025-07-20 03:00:00,16.52,16.52,Clear,2025-07-20,3
Moscow,2025-07-20 06:00:00,21.16,21.16,Clear,2025-07-20,6
Moscow,2025-07-20 09:00:00,25.04,25.04,Clear,2025-07-20,9
Moscow,2025-07-20 12:00:00,26.57,26.57,Clouds,2025-07-20,12
Moscow,2025-07-20 15:00:00,24.03,24.03,Clouds,2025-07-20,15
Sydney,2025-07-15 18:00:00,7.99,7.99,Clear,2025-07-15,18
Sydney,2025-07-15 21:00:00,6.63,7.54,Clear,2025-07-15,21
Sydney,2025-07-16 00:00:00,10.38,11.58,Clear,2025-07-16,0
Sydney,2025-07-16 03:00:00,16.24,16.24,Clear,2025-07-16,3
Sydney,2025-07-16 06:00:00,15.52,15.52,Clear,2025-07-16,6
Sydney,2025-07-16 09:00:00,12.68,12.68,Clear,2025-07-16,9
Sydney,2025-07-16 12:00:00,11.36,11.36,Clear,2025-07-16,12
Sydney,2025-07-16 15:00:00,8.76,8.76,Clear,2025-07-16,15
Sydney,2025-07-16 18:00:00,7.89,7.89,Clouds,2025-07-16,18
Sydney,2025-07-16 21:00:00,7.4,7.4,Clouds,2025-07-16,21
Sydney,2025-07-17 00:00:00,11.31,11.31,Clouds,2025-07-17,0
Sydney,2025-07-17 03:00:00,15.35,15.35,Clouds,2025-07-17,3
Sydney,2025-07-17 06:00:00,15.16,15.16,Clouds,2025-07-17,6
Sydney,2025-07-17 09:00:00,12.83,12.83,Clouds,2025-07-17,9
Sydney,2025-07-17 12:00:00,11.09,11.09,Clouds,2025-07-17,12
Sydney,2025-07-17 15:00:00,9.48,9.48,Clouds,2025-07-17,15
Sydney,2025-07-17 18:00:00,8.57,8.57,Clouds,2025-07-17,18
Sydney,2025-07-17 21:00:00,7.91,7.91,Clear,2025-07-17,21
Sydney,2025-07-18 00:00:00,12.93,12.93,Rain,2025-07-18,0
Sydney,2025-07-18 03:00:00,13.07,13.07,Rain,2025-07-18,3
Sydney,2025-07-18 06:00:00,14.03,14.03,Rain,2025-07-18,6
Sydney,2025-07-18 09:00:00,13.74,13.74,Rain,2025-07-18,9
Sydney,2025-07-18 12:00:00,13.64,13.64,Clouds,2025-07-18,12
Sydney,2025-07-18 15:00:00,13.33,13.33,Clouds,2025-07-18,15
Sydney,2025-07-18 18:00:00,11.92,11.92,Clouds,2025-07-18,18
Sydney,2025-07-18 21:00:00,11.05,11.05,Clouds,2025-07-18,21
Sydney,2025-07-19 00:00:00,13.13,13.13,Clouds,2025-07-19,0
Sydney,2025-07-19 03:00:00,17.41,17.41,Clear,2025-07-19,3
Sydney,2025-07-19 06:00:00,17.12,17.12,Clear,2025-07-19,6
Sydney,2025-07-19 09:00:00,14.35,14.35,Clear,2025-07-19,9
Sydney,2025-07-19 12:00:00,12.64,12.64,Clear,2025-07-19,12
Sydney,2025-07-19 15:00:00,10.88,10.88,Clear,2025-07-19,15
Sydney,2025-07-19 18:00:00,9.43,9.43,Clear,2025-07-19,18
Sydney,2025-07-19 21:00:00,8.55,8.55,Clear,2025-07-19,21
Sydney,2025-07-20 00:00:00,12.75,12.75,Clear,2025-07-20,0
Sydney,2025-07-20 03:00:00,15.71,15.71,Clouds,2025-07-20,3
Sydney,2025-07-20 06:00:00,15.21,15.21,Rain,2025-07-20,6
Sydney,2025-07-20 09:00:00,15.25,15.25,Clouds,2025-07-20,9
Sydney,2025-07-20 12:00:00,15.03,15.03,Rain,2025-07-20,12
Sydney,2025-07-20 15:00:00,14.6,14.6,Rain,2025-07-20,15
